{"N0":{"0":0.8393610474,"1":0.8212949651,"2":0.6422071648,"3":0.6672226183,"4":0.0391399056,"5":0.0656723884,"6":0.27650064,"7":0.3163605035,"8":0.1935924121,"9":0.1970928821},"N1":{"0":0.849204292,"1":0.8423580879,"2":0.3473647276,"3":0.7397423009,"4":0.4934091422,"5":0.4730117315,"6":0.1309479885,"7":0.3489539442,"8":0.9177964409,"9":0.7548202844},"N2":{"0":0.0945291293,"1":0.5352167229,"2":0.7099532508,"3":0.5590577395,"4":0.4748947793,"5":0.9595680335,"6":0.7848371012,"7":0.7451481942,"8":0.9656863879,"9":0.6545515886},"N3":{"0":0.7575102082,"1":0.2144666984,"2":0.0993838547,"3":0.0583969141,"4":0.2769719357,"5":0.9541960511,"6":0.0947077672,"7":0.7251815463,"8":0.2519552022,"9":0.9166741153},"N4":{"0":0.4672748194,"1":0.849642171,"2":0.8236976237,"3":0.9448564174,"4":0.7163479448,"5":0.537305809,"6":0.5274496062,"7":0.3952115013,"8":0.0098453195,"9":0.5775040664},"N5":{"0":0.3666399729,"1":0.7067236941,"2":0.0161608082,"3":0.3478209667,"4":0.216994439,"5":0.2053750741,"6":0.4582723975,"7":0.0068075338,"8":0.3879411804,"9":0.3608983215},"N6":{"0":0.4997339815,"1":0.2718078174,"2":0.7257471148,"3":0.2700924178,"4":0.5322186517,"5":0.586764306,"6":0.5993658093,"7":0.7527129644,"8":0.8762328618,"9":0.9448339407},"N7":{"0":0.5191440182,"1":0.0137553271,"2":0.1416584508,"3":0.792112646,"4":0.6936118617,"5":0.0785122818,"6":0.7487525183,"7":0.1542603362,"8":0.7475887691,"9":0.991014882},"N8":{"0":0.6745423459,"1":0.3947681834,"2":0.7036971606,"3":0.7975764291,"4":0.4836338852,"5":0.3920886548,"6":0.6561679329,"7":0.3984723216,"8":0.2519061359,"9":0.67305517},"N9":{"0":0.5168612232,"1":0.1870120088,"2":0.8214109305,"3":0.4611459638,"4":0.3926416794,"5":0.3576968927,"6":0.9124023073,"7":0.6970635768,"8":0.095747101,"9":0.3969467032}}